{
  "IcoMoonType": "selection",
  "icons": [
    {
      "icon": {
        "paths": [
          "M877.422 667.25l-134.444-15.35c-32.292-3.705-64.051 7.411-86.812 30.171l-97.395 97.398c-149.797-76.225-272.599-198.498-348.821-348.826l97.924-97.925c22.761-22.761 33.876-54.52 30.171-86.808l-15.35-133.39c-6.352-53.461-51.344-93.69-105.334-93.69h-91.573c-59.813 0-109.569 49.756-105.864 109.57 28.054 452.041 389.579 813.036 841.091 841.094 59.809 3.701 109.568-46.051 109.568-105.867v-91.568c0.527-53.465-39.702-98.458-93.162-104.809z"
        ],
        "attrs": [
          {}
        ],
        "isMulticolor": false,
        "isMulticolor2": false,
        "grid": 0,
        "tags": [
          "icon-tel"
        ],
        "colorPermutations": {}
      },
      "attrs": [
        {}
      ],
      "properties": {
        "order": 87,
        "id": 21,
        "name": "icon-tel",
        "prevSize": 32
      },
      "setIdx": 0,
      "setId": 3,
      "iconIdx": 0
    },
    {
      "icon": {
        "paths": [
          "M200.4 486.57l-7.043-6.719-105.819 100.237 372.826 355.664 783.274-747.217-105.124-100.284-678.147 646.318-259.967-247.999z"
        ],
        "attrs": [
          {
            "fill": "rgb(255, 255, 255)",
            "stroke": "rgb(255, 255, 255)",
            "strokeLinejoin": "miter",
            "strokeLinecap": "butt",
            "strokeMiterlimit": "4",
            "strokeWidth": 20.480000000000004
          }
        ],
        "width": 1331,
        "isMulticolor": false,
        "isMulticolor2": false,
        "grid": 0,
        "tags": [
          "icon-checked"
        ],
        "colorPermutations": {}
      },
      "attrs": [
        {
          "fill": "rgb(255, 255, 255)",
          "stroke": "rgb(255, 255, 255)",
          "strokeLinejoin": "miter",
          "strokeLinecap": "butt",
          "strokeMiterlimit": "4",
          "strokeWidth": 20.480000000000004
        }
      ],
      "properties": {
        "order": 94,
        "id": 20,
        "name": "icon-checked",
        "prevSize": 32
      },
      "setIdx": 0,
      "setId": 3,
      "iconIdx": 1
    },
    {
      "icon": {
        "paths": [
          "M1024 103.132l-103.132-103.132-408.868 408.868-408.868-408.868-103.132 103.132 408.868 408.868-408.868 408.868 103.132 103.132 408.868-408.868 408.868 408.868 103.132-103.132-408.868-408.868 408.868-408.868z"
        ],
        "attrs": [
          {}
        ],
        "isMulticolor": false,
        "isMulticolor2": false,
        "grid": 0,
        "tags": [
          "icon-close"
        ],
        "colorPermutations": {}
      },
      "attrs": [
        {}
      ],
      "properties": {
        "order": 91,
        "id": 19,
        "name": "icon-close",
        "prevSize": 32
      },
      "setIdx": 0,
      "setId": 3,
      "iconIdx": 2
    },
    {
      "icon": {
        "paths": [
          "M1194.667 0h-1024c-70.4 0-127.36 57.6-127.36 128l-0.64 768c0 70.4 57.6 128 128 128h1024c70.4 0 128-57.6 128-128v-768c0-70.4-57.6-128-128-128zM1169.067 272l-452.48 282.88c-20.48 12.8-47.36 12.8-67.84 0l-452.48-282.88c-16-10.24-25.6-27.52-25.6-46.080 0-42.88 46.72-68.48 83.2-46.080l428.8 268.16 428.8-268.16c36.48-22.4 83.2 3.2 83.2 46.080 0 18.56-9.6 35.84-25.6 46.080z"
        ],
        "attrs": [
          {}
        ],
        "width": 1365,
        "isMulticolor": false,
        "isMulticolor2": false,
        "grid": 0,
        "tags": [
          "icon-mail"
        ],
        "colorPermutations": {}
      },
      "attrs": [
        {}
      ],
      "properties": {
        "order": 84,
        "id": 18,
        "name": "icon-mail",
        "prevSize": 32
      },
      "setIdx": 0,
      "setId": 3,
      "iconIdx": 3
    },
    {
      "icon": {
        "paths": [
          "M512 512c141.44 0 256-114.56 256-256s-114.56-256-256-256c-141.44 0-256 114.56-256 256s114.56 256 256 256zM512 640c-170.88 0-512 85.76-512 256v64c0 35.2 28.8 64 64 64h896c35.2 0 64-28.8 64-64v-64c0-170.24-341.12-256-512-256z"
        ],
        "attrs": [
          {}
        ],
        "isMulticolor": false,
        "isMulticolor2": false,
        "grid": 0,
        "tags": [
          "icon-name"
        ],
        "colorPermutations": {}
      },
      "attrs": [
        {}
      ],
      "properties": {
        "order": 83,
        "id": 17,
        "name": "icon-name",
        "prevSize": 32
      },
      "setIdx": 0,
      "setId": 3,
      "iconIdx": 4
    },
    {
      "icon": {
        "paths": [
          "M1237.333 0h-1109.332c-70.584 0-128.001 57.417-128.001 128.001v767.999c0 70.579 57.417 128 128.001 128h1109.332c70.579 0 128-57.421 128-128v-767.999c0-70.584-57.421-128.001-128-128.001v0zM1237.333 85.333c5.794 0 11.307 1.203 16.35 3.303l-571.017 494.906-571.023-494.906c5.042-2.097 10.557-3.303 16.354-3.303h1109.335zM1237.333 938.667h-1109.332c-23.541 0-42.668-19.123-42.668-42.667v-717.209l569.375 493.458c8.043 6.956 18 10.417 27.959 10.417s19.916-3.457 27.959-10.417l569.375-493.458v717.209c0 23.543-19.123 42.667-42.667 42.667v0z"
        ],
        "attrs": [
          {
            "fill": "rgb(175, 177, 184)"
          }
        ],
        "width": 1365,
        "isMulticolor": false,
        "isMulticolor2": false,
        "grid": 0,
        "tags": [
          "mail"
        ],
        "colorPermutations": {}
      },
      "attrs": [
        {
          "fill": "rgb(175, 177, 184)"
        }
      ],
      "properties": {
        "order": 75,
        "id": 4,
        "name": "mail",
        "prevSize": 32
      },
      "setIdx": 0,
      "setId": 3,
      "iconIdx": 5
    },
    {
      "icon": {
        "paths": [
          "M544 0h-448c-52.938 0-96 43.062-96 96v832c0 52.941 43.062 96 96 96h448c52.938 0 96-43.059 96-96v-832c0-52.938-43.062-96-96-96zM96 64h448c17.656 0 32 14.344 32 32v672h-512v-672c0-17.656 14.344-32 32-32zM544 960h-448c-17.656 0-32-14.342-32-32v-96h512v96c0 17.658-14.344 32-32 32z",
          "M150.627 879.29c12.497 11.674 12.497 30.592 0 42.259-12.497 11.674-32.757 11.674-45.254 0-12.497-11.667-12.497-30.586 0-42.259 12.497-11.667 32.757-11.667 45.254 0z"
        ],
        "attrs": [
          {
            "fill": "rgb(175, 177, 184)"
          },
          {
            "fill": "rgb(175, 177, 184)"
          }
        ],
        "width": 640,
        "isMulticolor": false,
        "isMulticolor2": false,
        "grid": 0,
        "tags": [
          "smartphone"
        ],
        "colorPermutations": {}
      },
      "attrs": [
        {
          "fill": "rgb(175, 177, 184)"
        },
        {
          "fill": "rgb(175, 177, 184)"
        }
      ],
      "properties": {
        "order": 76,
        "id": 1,
        "name": "smartphone",
        "prevSize": 32
      },
      "setIdx": 0,
      "setId": 3,
      "iconIdx": 6
    },
    {
      "icon": {
        "paths": [
          "M955.484 707.123l-270.182-272.162 29.986-147.696c7.739 3.021 15.964 4.599 24.269 4.659h0.205c38.153 0.451 69.446-30.111 69.9-68.264 0.452-38.153-30.113-69.446-68.266-69.898-38.153-0.451-69.446 30.111-69.898 68.264-0.097 8.164 1.254 16.28 3.992 23.972l-158.72 19.371-258.902-260.25c-3.176-3.241-7.512-5.084-12.048-5.12-4.481 0.023-8.771 1.807-11.947 4.966l-48.402 48.128c-6.662 6.664-6.662 17.468 0 24.132l26.045 26.419c-100.899 185.533-68.127 415.289 80.622 565.213 1.365 1.306 2.948 2.363 4.677 3.123-1.075 5.775-1.637 11.636-1.674 17.51v197.974h-204.8c-47.104 0.056-85.278 38.229-85.333 85.333v34.133c0 9.425 7.642 17.067 17.067 17.067h785.066c9.425 0 17.067-7.642 17.067-17.067v-34.133c-0.056-47.104-38.229-85.277-85.333-85.333h-204.8v-87.741c32.082 6.729 64.771 10.16 97.552 10.24 78.661-0.085 156.069-19.694 225.28-57.070l26.181 26.334c3.176 3.24 7.512 5.083 12.050 5.12 4.479-0.023 8.77-1.808 11.946-4.966l48.402-48.128c6.662-6.665 6.662-17.468 0-24.133zM715.697 199.458c13.366-13.294 34.978-13.234 48.271 0.13 13.294 13.366 13.234 34.978-0.13 48.271-6.399 6.363-15.054 9.934-24.079 9.933h-0.102c-18.85-0.098-34.055-15.458-33.957-34.31 0.048-9.024 3.666-17.66 10.063-24.025h-0.066zM675.523 311.603l-19.149 94.259-37.614-37.837 56.763-56.422zM656.135 282.744l-61.44 61.082-47.531-47.787 108.971-13.294zM738.875 921.6c28.277 0 51.2 22.923 51.2 51.2v17.067h-750.934v-17.067c0-28.277 22.923-51.2 51.2-51.2h648.534zM499.94 853.333v34.134h-170.666v-34.134h170.666zM329.275 819.2v-129.707c0-41.403 38.28-75.093 85.333-75.093s85.333 33.69 85.333 75.093v129.707h-170.666zM534.075 764.928v-75.435c0-60.227-53.59-109.226-119.467-109.226-42.594-0.654-82.423 21.027-104.994 57.155-129.848-136.761-159.087-340.645-72.916-508.388l595.259 598.671c-91.917 46.759-197.285 59.923-297.882 37.222zM895.324 743.048l-673.826-677.785 24.149-24.064 253.918 255.352c0.118 0 0.187 0.222 0.307 0.307l419.669 422.126-24.218 24.064z",
          "M414.761 648.533h-0.154c-28.277-0.042-51.234 22.845-51.278 51.124-0.042 28.277 22.847 51.234 51.124 51.276h0.154c28.277 0.042 51.234-22.845 51.276-51.122 0.044-28.278-22.845-51.235-51.122-51.278zM426.708 711.834c-3.214 3.195-7.567 4.984-12.101 4.966-9.425-0.050-17.026-7.73-16.978-17.155 0.025-4.511 1.833-8.83 5.031-12.012 3.177-3.16 7.466-4.943 11.947-4.966 9.425 0.048 17.026 7.728 16.976 17.153-0.023 4.511-1.831 8.83-5.029 12.013h0.154z"
        ],
        "attrs": [
          {
            "fill": "rgb(33, 33, 33)"
          },
          {
            "fill": "rgb(33, 150, 243)"
          }
        ],
        "width": 965,
        "isMulticolor": true,
        "isMulticolor2": false,
        "grid": 0,
        "tags": [
          "satelite"
        ],
        "colorPermutations": {}
      },
      "attrs": [
        {
          "fill": "rgb(33, 33, 33)"
        },
        {
          "fill": "rgb(33, 150, 243)"
        }
      ],
      "properties": {
        "order": 77,
        "id": 2,
        "name": "satelite",
        "prevSize": 32
      },
      "setIdx": 0,
      "setId": 3,
      "iconIdx": 7
    },
    {
      "icon": {
        "paths": [
          "M1001.492 489.64c-0.056-270.476-219.367-489.695-489.852-489.64-270.476 0.055-489.695 219.374-489.64 489.851 0.047 213.055 137.82 401.633 340.781 466.438 1.937 0.61 3.953 0.922 5.977 0.914 3.859-0.007 7.641-1.039 10.96-3 4.321-2.554 7.547-6.617 9.062-11.406l123.68-392c33.812-0.171 61.079-27.726 60.899-61.531-0.173-33.812-27.718-61.079-61.531-60.906-9.095 0.038-18.071 2.133-26.242 6.125l-163.391-163.414c-8.11-7.828-21.024-7.601-28.852 0.5-7.641 7.914-7.641 20.445 0 28.359l163.305 163.492c-12.531 25.578-5.367 56.453 17.164 73.89l-117.843 373.532c-232.891-85.789-352.141-344.125-266.351-577.015 85.79-232.891 344.124-352.141 577.016-266.352s352.14 344.133 266.351 577.016c-41.914 113.781-128.031 205.796-238.788 255.149l-12.736-59.977c-2.327-11.023-13.163-18.071-24.187-15.734-3.476 0.743-6.703 2.376-9.359 4.743l-122.781 109.618c-8.423 7.491-9.172 20.389-1.672 28.812 2.437 2.734 5.562 4.765 9.062 5.882l156.757 50.031c10.727 3.445 22.219-2.453 25.664-13.188 1.094-3.391 1.274-7 0.54-10.484l-12.516-58.851c181.258-76.415 298.945-254.149 298.524-450.853v0zM511.75 469.235c11.265 0 20.407 9.14 20.407 20.405 0 11.274-9.141 20.407-20.407 20.407-11.273 0-20.405-9.133-20.405-20.407 0-11.265 9.133-20.405 20.405-20.405zM578.961 944.883l69.891-62.344 19.289 90.89-89.18-28.546z",
          "M491.343 101.922v40.812c0 11.274 9.133 20.406 20.405 20.406 11.267 0 20.407-9.133 20.407-20.406v-40.812c0-11.266-9.14-20.406-20.407-20.406-11.273 0-20.405 9.141-20.405 20.406z",
          "M124.031 469.233c-11.274 0-20.406 9.141-20.406 20.407 0 11.273 9.133 20.407 20.406 20.407h40.812c11.274 0 20.407-9.134 20.407-20.407 0-11.265-9.133-20.407-20.407-20.407h-40.812z",
          "M899.46 510.047c11.274 0 20.407-9.134 20.407-20.407 0-11.265-9.133-20.407-20.407-20.407h-40.812c-11.265 0-20.407 9.141-20.407 20.407 0 11.273 9.141 20.407 20.407 20.407h40.812z"
        ],
        "attrs": [
          {
            "fill": "rgb(33, 33, 33)"
          },
          {
            "fill": "rgb(33, 150, 243)"
          },
          {
            "fill": "rgb(33, 150, 243)"
          },
          {
            "fill": "rgb(33, 150, 243)"
          }
        ],
        "isMulticolor": true,
        "isMulticolor2": false,
        "grid": 0,
        "tags": [
          "clock"
        ],
        "colorPermutations": {}
      },
      "attrs": [
        {
          "fill": "rgb(33, 33, 33)"
        },
        {
          "fill": "rgb(33, 150, 243)"
        },
        {
          "fill": "rgb(33, 150, 243)"
        },
        {
          "fill": "rgb(33, 150, 243)"
        }
      ],
      "properties": {
        "order": 78,
        "id": 14,
        "name": "clock",
        "prevSize": 32
      },
      "setIdx": 0,
      "setId": 3,
      "iconIdx": 8
    },
    {
      "icon": {
        "paths": [
          "M477.617 478.868h34.115v153.52h-34.115v-153.52z",
          "M614.078 547.098h34.115v85.289h-34.115v-85.289z",
          "M341.154 598.272h34.115v34.115h-34.115v-34.115z",
          "M238.809 581.214h34.115v51.172h-34.115v-51.172z",
          "M51.173 905.311h818.772c28.259 0 51.172-22.913 51.172-51.174v-68.231c0-28.261-22.913-51.174-51.172-51.174h-17.058v-425.386l96.891-91.786c22.489 11.087 49.708 4.356 64.424-15.958 14.727-20.306 12.661-48.266-4.88-66.19s-45.444-20.598-66.074-6.33c-20.622 14.276-27.952 41.336-17.357 64.066l-73.004 69.206v-39.355c0-28.259-22.913-51.172-51.174-51.172h-682.309c-28.26 0-51.173 22.913-51.173 51.172v511.732h-17.058c-28.26 0-51.173 22.913-51.173 51.174v68.231c0 28.261 22.913 51.174 51.173 51.174zM972.291 154.77c9.419 0 17.058 7.638 17.058 17.058 0 9.419-7.639 17.057-17.058 17.057-9.421 0-17.058-7.638-17.058-17.057 0-9.421 7.638-17.058 17.058-17.058zM102.346 223.001c0-9.419 7.638-17.057 17.058-17.057h682.309c9.421 0 17.058 7.638 17.058 17.057v71.638l-34.115 32.417v-69.939c0-9.419-7.638-17.057-17.058-17.057h-614.078c-9.42 0-17.058 7.638-17.058 17.057v426.443c0 9.421 7.638 17.058 17.058 17.058h614.078c9.421 0 17.058-7.638 17.058-17.058v-309.579l34.115-32.325v393.077h-716.425v-511.732zM255.865 444.752c-23.079-0.067-43.343 15.309-49.481 37.554-6.14 22.247 3.365 45.843 23.213 57.62 19.839 11.777 45.117 8.82 61.7-7.229l59.294 29.75c6.889 3.449 15.242 1.833 20.364-3.922l126.043-141.801 123.901 92.842c6.647 4.981 15.925 4.449 21.956-1.257l107.685-102.005v260.197h-579.963v-392.328h579.963v85.131l-120.687 114.29-124.943-93.668c-7.096-5.313-17.083-4.314-22.98 2.307l-127.775 143.767-47.767-23.887c0.35-2.049 0.566-4.115 0.65-6.189 0-28.259-22.913-51.172-51.174-51.172zM272.924 495.925c0 9.421-7.638 17.058-17.058 17.058-9.419 0-17.057-7.638-17.057-17.058 0-9.419 7.638-17.057 17.057-17.057 9.421 0 17.058 7.638 17.058 17.057zM375.27 768.848h170.578v17.058c0 9.419-7.638 17.057-17.058 17.057h-136.461c-9.421 0-17.058-7.638-17.058-17.057v-17.058zM34.115 785.907c0-9.421 7.638-17.058 17.058-17.058h289.981v17.058c0 28.259 22.913 51.174 51.174 51.174h136.461c28.261 0 51.174-22.914 51.174-51.174v-17.058h289.982c9.419 0 17.057 7.638 17.057 17.058v68.231c0 9.421-7.638 17.058-17.057 17.058h-818.772c-9.42 0-17.058-7.638-17.058-17.058v-68.231z"
        ],
        "attrs": [
          {
            "fill": "rgb(33, 150, 243)"
          },
          {
            "fill": "rgb(33, 150, 243)"
          },
          {
            "fill": "rgb(33, 150, 243)"
          },
          {
            "fill": "rgb(33, 150, 243)"
          },
          {
            "fill": "rgb(33, 33, 33)"
          }
        ],
        "isMulticolor": true,
        "isMulticolor2": false,
        "grid": 0,
        "tags": [
          "monitor"
        ],
        "colorPermutations": {}
      },
      "attrs": [
        {
          "fill": "rgb(33, 150, 243)"
        },
        {
          "fill": "rgb(33, 150, 243)"
        },
        {
          "fill": "rgb(33, 150, 243)"
        },
        {
          "fill": "rgb(33, 150, 243)"
        },
        {
          "fill": "rgb(33, 33, 33)"
        }
      ],
      "properties": {
        "order": 82,
        "id": 3,
        "name": "monitor",
        "prevSize": 32
      },
      "setIdx": 0,
      "setId": 3,
      "iconIdx": 9
    },
    {
      "icon": {
        "paths": [
          "M1023.171 144.77c-2.014-6.162-7.339-10.666-13.773-11.606l-61.133-8.892-27.358-55.399c-5.734-11.674-24.867-11.674-30.6 0l-27.358 55.399-61.136 8.894c-6.434 0.938-11.758 5.428-13.79 11.606-1.995 6.179-0.342 12.971 4.318 17.494l44.254 43.129-10.443 60.894c-1.093 6.4 1.536 12.869 6.776 16.693 5.307 3.858 12.235 4.334 17.987 1.296l54.683-28.758 54.683 28.758c2.493 1.314 5.24 1.962 7.954 1.962 3.533 0 7.067-1.091 10.037-3.259 5.256-3.822 7.885-10.293 6.776-16.693l-10.443-60.896 44.254-43.128c4.636-4.541 6.309-11.317 4.313-17.494zM944.356 187.233c-4.010 3.909-5.853 9.574-4.898 15.104l6.11 35.653-32.016-16.827c-2.493-1.315-5.222-1.963-7.955-1.963-2.73 0-5.443 0.648-7.954 1.963l-32.019 16.827 6.11-35.653c0.957-5.53-0.888-11.178-4.898-15.104l-25.925-25.258 35.806-5.206c5.565-0.802 10.36-4.301 12.853-9.336l16.008-32.427 16.008 32.427c2.493 5.034 7.288 8.534 12.853 9.336l35.806 5.206-25.891 25.258z",
          "M836.272 656.71h-34.134v34.134h34.134v-34.134z",
          "M836.272 724.979h-34.134v34.134h34.134v-34.134z",
          "M870.406 690.845h-34.134v34.134h34.134v-34.134z",
          "M802.139 690.845h-34.134v34.134h34.134v-34.134z",
          "M716.803 844.447h-34.134v34.134h34.134v-34.134z",
          "M716.803 912.715h-34.134v34.134h34.134v-34.134z",
          "M750.939 878.582h-34.136v34.134h34.136v-34.134z",
          "M682.669 878.582h-34.134v34.134h34.134v-34.134z",
          "M512 776.18h-34.134v34.134h34.134v-34.134z",
          "M512 844.447h-34.134v34.134h34.134v-34.134z",
          "M546.134 810.313h-34.134v34.134h34.134v-34.134z",
          "M477.866 810.313h-34.134v34.134h34.134v-34.134z",
          "M187.728 195.903h-34.134v34.134h34.134v-34.134z",
          "M187.728 264.173h-34.134v34.134h34.134v-34.134z",
          "M221.861 230.039h-34.134v34.134h34.134v-34.134z",
          "M153.594 230.039h-34.134v34.134h34.134v-34.134z",
          "M790.873 453.102c-9.198-12.408-22.699-20.394-38.026-22.546-15.394-2.184-30.584 1.859-42.872 11.264l-40.075 30.72-60.725 45.347-43.453-17.306c77.483-34.765 131.638-112.267 131.638-202.244 0-122.336-99.928-221.869-222.758-221.869s-222.755 99.533-222.755 221.869c0 44.341 13.259 85.574 35.84 120.27l-88.441-0.768c-0.051 0-0.102 0-0.154 0-0.274 0-0.494 0.136-0.75 0.154-1.69 0.069-3.346 0.411-4.966 0.99-0.41 0.154-0.835 0.24-1.227 0.426-0.205 0.086-0.41 0.102-0.614 0.205l-103.459 51.080c-0.018 0-0.034 0-0.034 0.016l-60.589 29.137c-0.666 0.29-1.348 0.682-2.014 1.126-24.15 16.075-32.376 47.65-19.148 73.454 7.048 13.722 19.046 23.827 33.793 28.451 5.684 1.773 11.486 2.645 17.254 2.645 9.268 0 18.45-2.269 26.862-6.757l44.409-23.621 72.448-37.411 43.419-0.256-174.134 173.299c-0.016 0.018-0.034 0.018-0.052 0.034l-42.839 42.667c-10.12 10.070-15.684 23.432-15.684 37.685 0 14.234 5.564 27.63 15.684 37.718 10.394 10.342 24.064 15.531 37.735 15.531 13.688 0 27.34-5.189 37.769-15.531l42.053-41.883 55.706-41.592 28.827 28.706-56.373 56.134c-0.016 0.018-0.035 0.018-0.053 0.034l-42.838 42.666c-10.12 10.070-15.684 23.434-15.684 37.685 0 14.235 5.564 27.63 15.684 37.72 10.394 10.341 24.082 15.53 37.752 15.53s27.358-5.189 37.77-15.53l111.411-110.934c0.018-0.018 0.018-0.034 0.034-0.053l32.309-32-0.12-0.12c0.205-0.203 0.494-0.274 0.701-0.494l165.31-181.062 111.072 15.805c0.802 0.12 1.603 0.17 2.406 0.17 2.066 0 4.062-0.494 5.99-1.229 0.563-0.203 1.058-0.477 1.587-0.749 0.614-0.309 1.262-0.478 1.845-0.87l102.827-68.267c0.376-0.256 0.579-0.666 0.938-0.938 0.411-0.325 0.923-0.461 1.296-0.821l40.686-38.11c21.17-19.836 24.089-52.331 6.783-75.576zM68.173 568.645c-5.546 2.97-11.844 3.566-17.868 1.656-5.974-1.859-10.82-5.941-13.654-11.453-5.154-10.035-2.168-22.256 6.86-28.859l42.037-20.225 14.37 42.002-31.744 16.88zM180.081 510.158l-49.545 25.6-14.044-41.064 64.856-32.019-1.267 47.483zM663.262 298.304c0 29.389-7.014 57.107-19.166 81.904l-133.805-60.776c-1.4-18.346-10.922-34.406-25.224-44.408l46.849-155.531c76.085 24.202 131.346 95.183 131.346 178.81zM286.016 298.304c0-103.512 84.618-187.737 188.624-187.737 8.090 0 16.008 0.682 23.842 1.672l-45.824 152.119c-0.614-0.019-1.195-0.189-1.827-0.189-33.042 0-59.923 26.795-59.923 59.734s26.881 59.736 59.923 59.736c22.221 0 41.421-12.27 51.781-30.227l123.598 56.152c-34.39 46.285-89.432 76.477-151.572 76.477-104.003 0-188.621-84.225-188.621-187.737zM476.619 323.904c0 14.115-11.573 25.601-25.789 25.601s-25.787-11.486-25.787-25.601c0-14.114 11.571-25.6 25.787-25.6s25.789 11.486 25.789 25.6zM78.875 804.681c-7.56 7.491-19.798 7.475-27.34 0.018-3.636-3.637-5.632-8.43-5.632-13.534 0-5.086 1.996-9.882 5.632-13.482l30.786-30.672 27.239 27.121-30.685 30.549zM181.719 924.15c-7.56 7.493-19.814 7.51-27.358 0.019-3.637-3.637-5.632-8.43-5.632-13.534 0-5.086 1.995-9.883 5.632-13.483l30.806-30.686 27.256 27.121-30.704 30.563zM293.133 813.147c-0.019 0.016-0.035 0.016-0.053 0.034l-56.475 56.321-27.256-27.121 56.422-56.166c0 0 0 0 0-0.016 0.019-0.018 0.034-0.018 0.053-0.034 1.28-1.28 2.082-2.816 2.867-4.334 0.222-0.443 0.648-0.819 0.837-1.28 0.53-1.314 0.614-2.73 0.819-4.114 0.102-0.787 0.445-1.518 0.445-2.323 0-1.144-0.41-2.251-0.648-3.379-0.203-1.024-0.205-2.066-0.598-3.054-0.648-1.603-1.758-3.019-2.918-4.403-0.323-0.376-0.443-0.854-0.802-1.213 0 0 0 0-0.018 0-0.018-0.016-0.018-0.051-0.034-0.067l-51.424-51.201c-0.546-0.546-1.245-0.768-1.859-1.227-0.904-0.701-1.774-1.349-2.782-1.845-0.971-0.478-1.962-0.768-2.986-1.042-1.093-0.309-2.15-0.547-3.294-0.632-1.042-0.069-2.014 0.034-3.054 0.154-1.144 0.136-2.218 0.29-3.328 0.648-1.075 0.342-2.030 0.87-3.019 1.434-0.632 0.358-1.349 0.478-1.947 0.922l-56.746 42.361-28.826-28.707 76.768-76.357 139.539 137.236-29.681 29.406zM511.334 588.613c-0.494-0.067-0.957 0.12-1.45 0.086-1.246-0.067-2.44 0.018-3.686 0.222-0.973 0.17-1.894 0.358-2.816 0.682-1.093 0.376-2.082 0.888-3.091 1.502-0.955 0.579-1.826 1.194-2.661 1.962-0.411 0.358-0.904 0.53-1.28 0.938l-150.345 164.664-138.497-136.212 90.659-90.182c6.674-6.656 6.709-17.459 0.051-24.15-3.362-3.362-7.781-5.018-12.202-5v-0.016l-70.998 0.427 0.888-51.44 99.329 0.854c40.482 41.405 96.939 67.227 159.405 67.227 13.994 0 27.648-1.45 40.942-3.926 1.28 1.024 2.541 2.067 4.147 2.715l77.11 30.72 4.88 24.269 5.699 28.33-96.085-13.67zM640.65 594.314l-10.018-49.853 46.285-34.561 30.294 40.21-66.561 44.205zM760.766 503.722l-26.813 25.123-29.798-39.562 26.606-20.394c4.966-3.822 11.23-5.376 17.374-4.574 6.178 0.87 11.64 4.096 15.36 9.096 6.931 9.336 5.752 22.358-2.73 30.31z",
          "M435.266 593.409l-68.574-68.267c-6.638-6.638-17.427-6.638-24.083 0l-68.557 68.267c-3.208 3.226-5.018 7.56-5.018 12.099 0 4.541 1.792 8.893 5.018 12.101l68.557 68.267c3.328 3.31 7.699 4.966 12.051 4.966s8.72-1.656 12.032-4.966l68.574-68.267c3.208-3.208 5.035-7.56 5.035-12.101 0-4.539-1.811-8.891-5.035-12.099zM354.659 649.696l-44.374-44.187 44.374-44.186 44.39 44.186-44.39 44.187z",
          "M549.256 162.265l-8.243 33.145c2.27 0.563 55.605 14.456 55.605 68.763h34.134c-0.001-64.55-53.301-94.894-81.496-101.908z",
          "M630.752 298.304h-34.134v34.134h34.134v-34.134z"
        ],
        "attrs": [
          {
            "fill": "rgb(33, 150, 243)"
          },
          {
            "fill": "rgb(33, 150, 243)"
          },
          {
            "fill": "rgb(33, 150, 243)"
          },
          {
            "fill": "rgb(33, 150, 243)"
          },
          {
            "fill": "rgb(33, 150, 243)"
          },
          {
            "fill": "rgb(33, 150, 243)"
          },
          {
            "fill": "rgb(33, 150, 243)"
          },
          {
            "fill": "rgb(33, 150, 243)"
          },
          {
            "fill": "rgb(33, 150, 243)"
          },
          {
            "fill": "rgb(33, 150, 243)"
          },
          {
            "fill": "rgb(33, 150, 243)"
          },
          {
            "fill": "rgb(33, 150, 243)"
          },
          {
            "fill": "rgb(33, 150, 243)"
          },
          {
            "fill": "rgb(33, 150, 243)"
          },
          {
            "fill": "rgb(33, 150, 243)"
          },
          {
            "fill": "rgb(33, 150, 243)"
          },
          {
            "fill": "rgb(33, 150, 243)"
          },
          {
            "fill": "rgb(33, 33, 33)"
          },
          {
            "fill": "rgb(33, 33, 33)"
          },
          {
            "fill": "rgb(33, 33, 33)"
          },
          {
            "fill": "rgb(33, 33, 33)"
          }
        ],
        "isMulticolor": true,
        "isMulticolor2": false,
        "grid": 0,
        "tags": [
          "astronaut"
        ],
        "colorPermutations": {}
      },
      "attrs": [
        {
          "fill": "rgb(33, 150, 243)"
        },
        {
          "fill": "rgb(33, 150, 243)"
        },
        {
          "fill": "rgb(33, 150, 243)"
        },
        {
          "fill": "rgb(33, 150, 243)"
        },
        {
          "fill": "rgb(33, 150, 243)"
        },
        {
          "fill": "rgb(33, 150, 243)"
        },
        {
          "fill": "rgb(33, 150, 243)"
        },
        {
          "fill": "rgb(33, 150, 243)"
        },
        {
          "fill": "rgb(33, 150, 243)"
        },
        {
          "fill": "rgb(33, 150, 243)"
        },
        {
          "fill": "rgb(33, 150, 243)"
        },
        {
          "fill": "rgb(33, 150, 243)"
        },
        {
          "fill": "rgb(33, 150, 243)"
        },
        {
          "fill": "rgb(33, 150, 243)"
        },
        {
          "fill": "rgb(33, 150, 243)"
        },
        {
          "fill": "rgb(33, 150, 243)"
        },
        {
          "fill": "rgb(33, 150, 243)"
        },
        {
          "fill": "rgb(33, 33, 33)"
        },
        {
          "fill": "rgb(33, 33, 33)"
        },
        {
          "fill": "rgb(33, 33, 33)"
        },
        {
          "fill": "rgb(33, 33, 33)"
        }
      ],
      "properties": {
        "order": 70,
        "id": 15,
        "name": "astronaut",
        "prevSize": 32
      },
      "setIdx": 0,
      "setId": 3,
      "iconIdx": 10
    },
    {
      "icon": {
        "paths": [
          "M682.542 170.026h93.481v-162.816c-16.128-2.219-71.593-7.211-136.192-7.211-134.783 0-227.114 84.778-227.114 240.598v143.402h-148.736v182.016h148.736v457.984h182.36v-457.943h142.72l22.656-182.014h-165.422v-125.397c0.046-52.608 14.208-88.619 87.511-88.619v0z"
        ],
        "attrs": [
          {
            "fill": "rgb(175, 177, 184)"
          }
        ],
        "isMulticolor": false,
        "isMulticolor2": false,
        "grid": 0,
        "tags": [
          "facebook"
        ],
        "colorPermutations": {}
      },
      "attrs": [
        {
          "fill": "rgb(175, 177, 184)"
        }
      ],
      "properties": {
        "order": 68,
        "id": 13,
        "name": "facebook",
        "prevSize": 32
      },
      "setIdx": 0,
      "setId": 3,
      "iconIdx": 11
    },
    {
      "icon": {
        "paths": [
          "M1022.996 301.059c-2.396-54.409-11.197-91.814-23.798-124.227-13.005-34.405-33.009-65.208-59.218-90.814-25.605-26.006-56.612-46.212-90.619-59.012-32.599-12.604-69.811-21.403-124.216-23.802-54.815-2.602-72.218-3.204-211.246-3.204-139.027 0-156.429 0.602-211.041 3.001-54.409 2.399-91.815 11.205-124.22 23.802-34.413 13.003-65.215 33.007-90.822 59.215-26.005 25.606-46.204 56.612-59.011 90.619-12.604 32.608-21.403 69.811-23.802 124.22-2.602 54.815-3.204 72.217-3.204 211.247 0 139.023 0.602 156.426 3.001 211.041 2.399 54.405 11.205 91.812 23.809 124.227 13.003 34.401 33.202 65.208 59.207 90.813 25.607 26.004 56.612 46.213 90.619 59.013 32.608 12.6 69.81 21.402 124.227 23.798 54.604 2.406 72.014 3 211.042 3s156.426-0.594 211.041-3c54.41-2.396 91.812-11.197 124.216-23.798 68.818-26.609 123.228-81.019 149.837-149.827 12.595-32.609 21.402-69.821 23.803-124.227 2.396-54.615 3-72.018 3-211.041 0-139.030-0.205-156.431-2.606-211.044zM930.785 719.14c-2.202 50.012-10.604 77.015-17.603 95.017-17.208 44.611-52.613 80.015-97.224 97.224-18.002 7.004-45.204 15.401-95.017 17.597-54.011 2.406-70.211 3-206.838 3-136.63 0-153.031-0.594-206.846-3-50.010-2.196-77.015-10.593-95.018-17.597-22.2-8.202-42.407-21.207-58.808-38.211-17.004-16.604-30.006-36.608-38.211-58.808-7.002-18.002-15.401-45.21-17.597-95.017-2.407-54.011-3.001-70.216-3.001-206.848 0-136.626 0.594-153.028 3.001-206.835 2.195-50.010 10.595-77.015 17.597-95.018 8.205-22.207 21.207-42.407 38.414-58.817 16.597-17.003 36.601-30.006 58.808-38.203 18.003-7.001 45.212-15.401 95.018-17.605 54.010-2.399 70.217-3.001 206.838-3.001 136.832 0 153.027 0.602 206.843 3.001 50.012 2.203 77.015 10.604 95.022 17.605 22.195 8.197 42.404 21.2 58.808 38.203 16.998 16.605 30.003 36.609 38.211 58.817 6.999 18.003 15.401 45.204 17.603 95.018 2.401 54.010 3 70.209 3 206.835 0 136.632-0.599 152.632-3 206.643z",
          "M513.9 249.047c-145.222 0-263.050 117.82-263.050 263.050 0 145.234 117.828 263.050 263.050 263.050 145.234 0 263.055-117.816 263.055-263.050 0-145.23-117.821-263.050-263.055-263.050zM513.9 682.732c-94.212 0-170.633-76.411-170.633-170.634 0-94.221 76.421-170.634 170.633-170.634 94.223 0 170.634 76.413 170.634 170.634 0 94.223-76.411 170.634-170.634 170.634z",
          "M848.768 238.648c0 33.913-27.5 61.41-61.42 61.41-33.915 0-61.409-27.497-61.409-61.41 0-33.921 27.494-61.411 61.409-61.411 33.92 0 61.42 27.49 61.42 61.411v0z"
        ],
        "attrs": [
          {
            "fill": "rgb(175, 177, 184)"
          },
          {
            "fill": "rgb(175, 177, 184)"
          },
          {
            "fill": "rgb(175, 177, 184)"
          }
        ],
        "isMulticolor": false,
        "isMulticolor2": false,
        "grid": 0,
        "tags": [
          "instagram"
        ],
        "colorPermutations": {}
      },
      "attrs": [
        {
          "fill": "rgb(175, 177, 184)"
        },
        {
          "fill": "rgb(175, 177, 184)"
        },
        {
          "fill": "rgb(175, 177, 184)"
        }
      ],
      "properties": {
        "order": 67,
        "id": 12,
        "name": "instagram",
        "prevSize": 32
      },
      "setIdx": 0,
      "setId": 3,
      "iconIdx": 12
    },
    {
      "icon": {
        "paths": [
          "M1023.749 1024v-0.041h0.256v-375.552c0-183.722-39.552-325.247-254.336-325.247-103.255 0-172.544 56.661-200.832 110.378h-2.99v-93.226h-203.647v683.647h212.054v-338.519c0-89.129 16.896-175.315 127.273-175.315 108.759 0 110.382 101.715 110.382 181.034v332.841h211.84z",
          "M16.894 340.35h212.309v683.65h-212.309v-683.65z",
          "M122.966 0c-67.883 0-122.966 55.082-122.966 122.966s55.082 124.117 122.966 124.117c67.882 0 122.965-56.234 122.965-124.117-0.042-67.883-55.125-122.966-122.965-122.966v0z"
        ],
        "attrs": [
          {
            "fill": "rgb(175, 177, 184)"
          },
          {
            "fill": "rgb(175, 177, 184)"
          },
          {
            "fill": "rgb(175, 177, 184)"
          }
        ],
        "isMulticolor": false,
        "isMulticolor2": false,
        "grid": 0,
        "tags": [
          "linkedin"
        ],
        "colorPermutations": {}
      },
      "attrs": [
        {
          "fill": "rgb(175, 177, 184)"
        },
        {
          "fill": "rgb(175, 177, 184)"
        },
        {
          "fill": "rgb(175, 177, 184)"
        }
      ],
      "properties": {
        "order": 66,
        "id": 11,
        "name": "linkedin",
        "prevSize": 32
      },
      "setIdx": 0,
      "setId": 3,
      "iconIdx": 13
    },
    {
      "icon": {
        "paths": [
          "M637.902 129.479l117.639 111.367-218.36-0.129v540.325h570.754v-206.591l117.508 111.242v-556.213h-587.541zM1102.771 561.379l-333.552-315.768h333.552v315.768zM999.207 702.006h-371.712v-363.396h26.275v338.788h345.437v24.608zM715.271 852.98l-13.73 28.278-13.73-28.278h-11.516l20.042 37.703v21.967h10.41v-21.967l20-37.703h-11.476zM732.524 912.651l4.836-13.893h23.116l4.877 13.893h10.819l-22.582-59.671h-9.303l-22.541 59.671h10.779zM748.918 865.644l8.647 24.754h-17.296l8.649-24.754zM803.59 888.963c-1.502 2.295-2.254 4.823-2.254 7.583 0 5.028 1.763 9.112 5.288 12.254 3.552 3.114 8.278 4.672 14.18 4.672s10.984-1.598 15.246-4.796l3.361 3.975h11.558l-8.771-10.368c3.443-4.7 5.164-10.725 5.164-18.074h-8.647c0 4.017-0.833 7.665-2.5 10.943l-11.517-13.607 4.057-2.951c2.869-2.077 4.932-4.153 6.189-6.23 1.257-2.103 1.885-4.398 1.885-6.884 0-3.77-1.393-6.926-4.18-9.468-2.76-2.568-6.312-3.853-10.656-3.853-4.809 0-8.633 1.366-11.476 4.099-2.842 2.704-4.262 6.392-4.262 11.064 0 1.914 0.452 3.895 1.353 5.944 0.928 2.048 2.555 4.534 4.877 7.458-4.427 3.169-7.391 5.916-8.894 8.237zM830.516 902.159c-2.923 2.241-6.065 3.361-9.426 3.361-2.978 0-5.355-0.859-7.131-2.582-1.776-1.721-2.664-3.962-2.664-6.721 0-3.196 1.64-6.038 4.919-8.524l1.271-0.901 13.032 15.368zM819.819 875.725c-2.813-3.47-4.222-6.352-4.222-8.647 0-1.994 0.574-3.648 1.722-4.959 1.147-1.311 2.691-1.967 4.632-1.967 1.803 0 3.292 0.561 4.467 1.68 1.175 1.093 1.763 2.417 1.763 3.975 0 2.35-0.848 4.276-2.542 5.78l-1.271 1.024-4.549 3.114zM916.95 908.144c4.099-3.579 6.45-8.553 7.050-14.919h-10.329c-0.546 4.262-1.843 7.309-3.893 9.14-2.050 1.83-5.11 2.745-9.181 2.745-4.454 0-7.841-1.694-10.163-5.081-2.296-3.388-3.443-8.306-3.443-14.754v-5.288c0.054-6.366 1.284-11.188 3.688-14.467 2.432-3.305 5.902-4.959 10.41-4.959 3.879 0 6.817 0.957 8.811 2.869 2.023 1.885 3.278 4.972 3.77 9.263h10.329c-0.656-6.53-2.993-11.585-7.009-15.164-4.017-3.581-9.317-5.37-15.902-5.37-4.89 0-9.208 1.162-12.951 3.483-3.715 2.323-6.57 5.629-8.565 9.919-1.994 4.289-2.991 9.248-2.991 14.877v5.573c0.081 5.493 1.106 10.316 3.074 14.467 1.967 4.153 4.754 7.364 8.36 9.632 3.634 2.239 7.828 3.361 12.582 3.361 6.804 0 12.254-1.776 16.352-5.328zM977.893 899.782c2.023-4.425 3.033-9.562 3.033-15.409v-3.32c-0.027-5.82-1.066-10.915-3.116-15.286-2.048-4.4-4.959-7.761-8.729-10.082-3.743-2.35-8.046-3.525-12.909-3.525s-9.181 1.189-12.951 3.566c-3.743 2.35-6.653 5.751-8.729 10.205-2.050 4.454-3.074 9.59-3.074 15.41v3.361c0.027 5.711 1.064 10.752 3.114 15.123 2.077 4.371 5.001 7.745 8.771 10.122 3.797 2.35 8.115 3.525 12.951 3.525 4.89 0 9.208-1.175 12.949-3.525 3.77-2.377 6.668-5.765 8.689-10.164zM966.787 866.054c2.513 3.524 3.77 8.592 3.77 15.204v3.116c0 6.721-1.244 11.83-3.73 15.328-2.458 3.497-5.983 5.246-10.572 5.246-4.536 0-8.088-1.791-10.656-5.37-2.542-3.579-3.812-8.647-3.812-15.204v-3.443c0.055-6.421 1.34-11.38 3.853-14.877 2.542-3.525 6.052-5.288 10.534-5.288 4.59 0 8.128 1.763 10.614 5.288z"
        ],
        "attrs": [
          {
            "fill": "rgb(175, 177, 184)"
          }
        ],
        "width": 1779,
        "isMulticolor": false,
        "isMulticolor2": false,
        "grid": 0,
        "tags": [
          "logo_1"
        ],
        "colorPermutations": {}
      },
      "attrs": [
        {
          "fill": "rgb(175, 177, 184)"
        }
      ],
      "properties": {
        "order": 65,
        "id": 10,
        "name": "logo_1",
        "prevSize": 32
      },
      "setIdx": 0,
      "setId": 3,
      "iconIdx": 14
    },
    {
      "icon": {
        "paths": [
          "M841.251 111.594h-2.293c-3.524-0.214-7.049-0.299-10.574-0.384v0h-7.643c-6.668 0-13.463 0.171-20.215 0.512-0.509-0.037-1.019-0.037-1.528 0-61.178 3.466-121.116 18.757-176.533 45.036l-7.262 3.5v371.68l16.987-5.763c14.905-5.122 30.787-9.733 47.222-14.002 44.426-11.405 90.043-17.465 135.893-18.056v48.835c-6.073 0.042-11.976 0.213-17.878 0.512h-1.402c-35.286 1.936-70.3 7.311-104.552 16.050-43.379 10.861-85.227 27.168-124.554 48.536v-476.692c40.844-23.823 84.836-41.716 130.669-53.146 40.24-10.39 81.606-15.724 123.152-15.88h7.176c8.578 0.214 16.945 0.598 24.801 1.195 20.698 1.453 41.23 4.724 61.363 9.775v48.066c-19.552-4.555-39.431-7.552-59.452-8.964-0.406-0.034-0.812-0.069-1.219-0.104-4.143-0.353-8.291-0.707-12.159-0.707zM925.844 160.726c10.658 0.811 21.7 1.195 32.869 1.195 43.674-0.16 87.163-5.737 129.479-16.605 43.359-10.902 85.188-27.222 124.512-48.578v468.196c-40.866 23.809-84.871 41.702-130.711 53.147-40.247 10.349-81.609 15.669-123.152 15.837-31.477 0.253-62.862-3.446-93.426-11.014v-471.228c7.218 1.665 14.65 3.202 22.209 4.482 12.4 2.092 25.481 3.628 38.22 4.568zM1164.122 164.355l-16.987 5.72c-15.629 5.251-31.383 9.946-47.223 14.13-46.117 11.852-93.515 17.93-141.116 18.1-11.083 0-21.274-0.299-31.126-0.938l-13.547-0.896v382.352l11.635 1.026c10.787 0.938 21.914 1.408 33.124 1.408 37.494-0.159 74.823-4.992 111.134-14.386 29.899-7.5 58.989-17.952 86.844-31.205l7.262-3.5v-371.808z",
          "M599.915 770.946c-2.441-2.533-5.385-4.521-8.64-5.838-3.257-1.316-6.75-1.93-10.257-1.803-3.737-0.049-7.447 0.648-10.913 2.050-3.179 1.266-6.068 3.169-8.494 5.592-2.397 2.431-4.264 5.34-5.478 8.538-1.331 3.352-1.996 6.935-1.954 10.544v63.689c-0.151 4.489 0.705 8.952 2.506 13.064 1.502 3.263 3.673 6.173 6.369 8.536 2.547 2.144 5.535 3.69 8.749 4.526 3.096 0.87 6.297 1.316 9.511 1.323 3.547 0.035 7.057-0.722 10.277-2.219 3.183-1.393 6.068-3.394 8.494-5.891 2.364-2.474 4.25-5.37 5.561-8.538 1.361-3.211 2.055-6.669 2.040-10.159v-7.129h-16.648v5.677c0.050 1.939-0.282 3.868-0.977 5.677-0.542 1.356-1.366 2.578-2.421 3.586-1.031 0.834-2.213 1.457-3.482 1.836-1.125 0.374-2.298 0.576-3.482 0.598-1.487 0.173-2.991-0.052-4.365-0.651-1.371-0.601-2.562-1.553-3.45-2.765-1.57-2.558-2.338-5.533-2.207-8.536v-59.379c-0.104-3.294 0.596-6.562 2.038-9.52 0.865-1.345 2.087-2.417 3.529-3.097 1.442-0.678 3.043-0.937 4.625-0.745 1.435-0.050 2.86 0.248 4.155 0.873s2.419 1.556 3.277 2.713c1.863 2.446 2.837 5.459 2.76 8.538v5.508h16.478v-6.49c0.032-3.811-0.66-7.591-2.040-11.141-1.229-3.336-3.122-6.386-5.563-8.964z",
          "M698.82 770.219c-5.308-4.482-12.008-6.958-18.939-7-3.391 0.015-6.753 0.621-9.938 1.793-3.233 1.158-6.216 2.926-8.79 5.207-2.758 2.479-4.959 5.521-6.456 8.922-1.677 3.891-2.501 8.098-2.421 12.337v61.086c-0.114 4.297 0.712 8.568 2.421 12.508 1.507 3.285 3.71 6.199 6.456 8.538 2.545 2.362 5.533 4.192 8.79 5.379 3.184 1.172 6.547 1.778 9.938 1.793 3.391-0.007 6.755-0.613 9.936-1.793 3.314-1.204 6.367-3.028 9.003-5.379 2.656-2.382 4.794-5.29 6.285-8.538 1.709-3.94 2.536-8.21 2.421-12.508v-61.086c0.082-4.239-0.744-8.445-2.421-12.337-1.481-3.366-3.618-6.399-6.285-8.922zM691.049 852.564c0.139 1.628-0.086 3.267-0.658 4.796-0.574 1.529-1.481 2.911-2.654 4.041-2.199 1.845-4.972 2.854-7.836 2.854s-5.635-1.009-7.834-2.854c-1.175-1.13-2.082-2.511-2.654-4.041-0.574-1.529-0.799-3.168-0.658-4.796v-61.086c-0.141-1.628 0.084-3.267 0.658-4.796 0.572-1.529 1.479-2.909 2.654-4.041 2.199-1.843 4.971-2.854 7.834-2.854s5.637 1.011 7.836 2.854c1.173 1.131 2.080 2.511 2.654 4.041 0.572 1.529 0.797 3.168 0.658 4.796v61.086z",
          "M828.723 879.843v-115.64h-16.010l-21.021 61.213h-0.297l-21.192-61.213h-15.84v115.64h16.52v-70.349h0.297l16.179 49.731h8.239l16.307-49.731h0.297v70.349h16.52z",
          "M922.575 772.311c-2.545-2.854-5.755-5.024-9.344-6.319-3.866-1.257-7.912-1.863-11.976-1.793h-24.544v115.641h16.476v-45.163h8.492c5.142 0.233 10.257-0.853 14.863-3.159 3.747-2.080 6.871-5.132 9.046-8.837 1.905-3.075 3.19-6.498 3.779-10.074 0.648-4.351 0.947-8.748 0.891-13.147 0.161-5.553-0.381-11.105-1.613-16.52-1.1-4.002-3.188-7.658-6.072-10.629zM914.081 807.57c-0.071 2.095-0.593 4.148-1.529 6.020-0.942 1.778-2.431 3.201-4.245 4.056-2.441 1.091-5.103 1.588-7.772 1.45h-7.515v-39.315h8.492c2.558-0.126 5.107 0.373 7.432 1.452 1.704 0.977 3.057 2.471 3.864 4.269 0.901 2.031 1.392 4.222 1.444 6.444 0 2.434 0 4.996 0 7.685s0.17 5.464 0 7.939h-0.17z",
          "M1000.628 764.203h-13.505l-25.479 115.64h16.476l4.841-24.843h22.464l4.841 24.843h16.478l-26.117-115.64zM985.424 839.247l8.111-41.919h0.297l8.069 41.919h-16.478z",
          "M1107.090 833.868h-0.297l-24.885-69.666h-15.84v115.64h16.476v-69.538h0.341l25.182 69.538h15.499v-115.64h-16.476v69.666z",
          "M1207.776 764.203l-13.25 45.974h-0.339l-13.25-45.974h-17.453l22.634 66.763v48.877h16.478v-48.877l22.634-66.763h-17.453z",
          "M553.967 912.496h7.942v22.283h5.392v-22.283h7.9v-4.568h-21.234v4.568z",
          "M620.724 907.929l-10.405 26.851h5.733l2.209-6.105h10.702l2.293 6.105h5.86l-10.66-26.851h-5.733zM619.874 924.15l3.653-9.946 3.651 9.946h-7.304z",
          "M686.716 924.878h6.201v3.456c-1.811 1.452-4.054 2.249-6.371 2.263-1.083 0.060-2.164-0.139-3.154-0.586-0.99-0.445-1.86-1.123-2.536-1.976-1.424-2.043-2.125-4.507-1.996-7 0-5.976 2.59-8.964 7.729-8.964 1.353-0.134 2.709 0.222 3.822 1.004 1.115 0.784 1.912 1.942 2.251 3.265l5.308-1.024c-1.147-5.251-4.925-7.898-11.382-7.898-3.451-0.092-6.809 1.145-9.384 3.458-1.353 1.336-2.401 2.953-3.067 4.736-0.668 1.784-0.94 3.693-0.797 5.595-0.158 3.673 1.071 7.27 3.44 10.074 1.314 1.356 2.907 2.409 4.667 3.087s3.644 0.965 5.525 0.839c4.202 0.118 8.283-1.413 11.382-4.267v-10.587h-11.637v4.526z",
          "M754.111 907.929h-5.436v26.851h18.811v-4.568h-13.376v-22.283z",
          "M811.1 907.929h-5.436v26.851h5.436v-26.851z",
          "M866.816 925.857l-10.999-17.928h-5.266v26.851h5.053v-17.546l10.787 17.546h5.394v-26.851h-4.969v17.928z",
          "M917.182 922.955h13.377v-4.568h-13.377v-5.891h14.396v-4.568h-19.832v26.851h20.384v-4.568h-14.949v-7.257z",
          "M1039.313 918.515h-10.574v-10.586h-5.392v26.851h5.392v-11.739h10.574v11.739h5.394v-26.851h-5.394v10.586z",
          "M1089.976 922.955h13.419v-4.568h-13.419v-5.891h14.438v-4.568h-19.832v26.851h20.341v-4.568h-14.947v-7.257z",
          "M1158.686 922.955c4.67-0.725 7.049-3.201 7.049-7.47 0.136-1.142-0.037-2.3-0.5-3.351s-1.2-1.959-2.134-2.625c-2.431-1.22-5.144-1.766-7.856-1.58h-11.38v26.851h5.394v-11.227h1.061c1.15-0.071 2.3 0.134 3.354 0.598 0.789 0.487 1.445 1.162 1.912 1.964l5.86 8.538h6.455l-3.27-5.251c-1.445-2.592-3.483-4.801-5.944-6.446zM1153.249 919.241h-3.99v-6.745h4.245c1.85-0.149 3.712 0.069 5.479 0.641 0.393 0.346 0.702 0.777 0.906 1.261s0.297 1.007 0.274 1.533c-0.025 0.525-0.166 1.037-0.415 1.499-0.248 0.463-0.598 0.863-1.021 1.172-1.773 0.542-3.629 0.76-5.479 0.64z",
          "M1210.496 922.955h13.376v-4.568h-13.376v-5.891h14.438v-4.568h-19.874v26.851h20.383v-4.568h-14.947v-7.257z"
        ],
        "attrs": [
          {
            "fill": "rgb(175, 177, 184)"
          },
          {
            "fill": "rgb(175, 177, 184)"
          },
          {
            "fill": "rgb(175, 177, 184)"
          },
          {
            "fill": "rgb(175, 177, 184)"
          },
          {
            "fill": "rgb(175, 177, 184)"
          },
          {
            "fill": "rgb(175, 177, 184)"
          },
          {
            "fill": "rgb(175, 177, 184)"
          },
          {
            "fill": "rgb(175, 177, 184)"
          },
          {
            "fill": "rgb(175, 177, 184)"
          },
          {
            "fill": "rgb(175, 177, 184)"
          },
          {
            "fill": "rgb(175, 177, 184)"
          },
          {
            "fill": "rgb(175, 177, 184)"
          },
          {
            "fill": "rgb(175, 177, 184)"
          },
          {
            "fill": "rgb(175, 177, 184)"
          },
          {
            "fill": "rgb(175, 177, 184)"
          },
          {
            "fill": "rgb(175, 177, 184)"
          },
          {
            "fill": "rgb(175, 177, 184)"
          },
          {
            "fill": "rgb(175, 177, 184)"
          },
          {
            "fill": "rgb(175, 177, 184)"
          }
        ],
        "width": 1779,
        "isMulticolor": false,
        "isMulticolor2": false,
        "grid": 0,
        "tags": [
          "logo_2"
        ],
        "colorPermutations": {}
      },
      "attrs": [
        {
          "fill": "rgb(175, 177, 184)"
        },
        {
          "fill": "rgb(175, 177, 184)"
        },
        {
          "fill": "rgb(175, 177, 184)"
        },
        {
          "fill": "rgb(175, 177, 184)"
        },
        {
          "fill": "rgb(175, 177, 184)"
        },
        {
          "fill": "rgb(175, 177, 184)"
        },
        {
          "fill": "rgb(175, 177, 184)"
        },
        {
          "fill": "rgb(175, 177, 184)"
        },
        {
          "fill": "rgb(175, 177, 184)"
        },
        {
          "fill": "rgb(175, 177, 184)"
        },
        {
          "fill": "rgb(175, 177, 184)"
        },
        {
          "fill": "rgb(175, 177, 184)"
        },
        {
          "fill": "rgb(175, 177, 184)"
        },
        {
          "fill": "rgb(175, 177, 184)"
        },
        {
          "fill": "rgb(175, 177, 184)"
        },
        {
          "fill": "rgb(175, 177, 184)"
        },
        {
          "fill": "rgb(175, 177, 184)"
        },
        {
          "fill": "rgb(175, 177, 184)"
        },
        {
          "fill": "rgb(175, 177, 184)"
        }
      ],
      "properties": {
        "order": 64,
        "id": 9,
        "name": "logo_2",
        "prevSize": 32
      },
      "setIdx": 0,
      "setId": 3,
      "iconIdx": 15
    },
    {
      "icon": {
        "paths": [
          "M621.334 837.997c0.271 0.007 0.539 0.060 0.787 0.157s0.469 0.237 0.655 0.41l3.722 3.558c-2.889 2.879-6.46 5.183-10.469 6.753-4.695 1.712-9.755 2.538-14.845 2.425-4.782 0.085-9.533-0.684-13.959-2.265-3.992-1.451-7.578-3.628-10.516-6.388-2.999-2.862-5.309-6.217-6.794-9.866-1.626-4.069-2.429-8.351-2.372-12.657-0.067-4.333 0.802-8.639 2.558-12.696 1.626-3.673 4.077-7.026 7.212-9.866 3.178-2.784 6.979-4.973 11.168-6.429 4.582-1.545 9.463-2.313 14.379-2.265 4.565-0.096 9.107 0.604 13.355 2.062 3.685 1.389 7.069 3.318 10.004 5.702l-3.118 3.801c-0.215 0.268-0.483 0.5-0.792 0.688-0.367 0.218-0.812 0.319-1.256 0.283-0.483-0.029-0.949-0.169-1.348-0.404l-1.676-1.012-2.326-1.294c-1.005-0.48-2.046-0.899-3.118-1.253-1.381-0.43-2.796-0.768-4.234-1.010-1.826-0.294-3.681-0.428-5.538-0.404-3.538-0.039-7.050 0.538-10.329 1.698-3.058 1.073-5.818 2.7-8.096 4.77-2.321 2.203-4.11 4.789-5.258 7.603-1.311 3.219-1.958 6.613-1.908 10.027-0.056 3.468 0.589 6.917 1.908 10.191 1.135 2.789 2.889 5.359 5.164 7.561 2.132 2.053 4.774 3.657 7.724 4.692 3.038 1.094 6.298 1.644 9.586 1.616 1.898 0.026 3.797-0.082 5.676-0.323 3.069-0.326 6.011-1.253 8.608-2.71 1.302-0.746 2.531-1.584 3.676-2.507 0.478-0.396 1.108-0.626 1.768-0.647z",
          "M728.822 820.118c0.058 4.291-0.794 8.552-2.514 12.575-1.516 3.647-3.905 6.975-7.008 9.762-3.104 2.789-6.852 4.973-10.999 6.41-9.11 3.019-19.181 3.019-28.291 0-4.118-1.459-7.842-3.649-10.935-6.429-3.101-2.838-5.507-6.193-7.072-9.865-3.352-8.144-3.352-17.046 0-25.189 1.587-3.674 3.99-7.040 7.072-9.907 3.118-2.691 6.84-4.797 10.935-6.185 9.1-3.074 19.193-3.074 28.291 0 4.134 1.459 7.873 3.647 10.982 6.429 3.063 2.809 5.451 6.122 7.025 9.743 1.725 4.048 2.577 8.339 2.514 12.655zM719.049 820.118c0.073-3.432-0.524-6.849-1.768-10.109-1.043-2.79-2.737-5.364-4.978-7.561-2.181-2.077-4.867-3.707-7.864-4.77-6.618-2.21-13.947-2.21-20.567 0-2.995 1.063-5.681 2.693-7.863 4.77-2.273 2.183-3.985 4.76-5.026 7.561-2.367 6.583-2.367 13.635 0 20.217 1.051 2.797 2.763 5.373 5.026 7.561 2.185 2.065 4.871 3.681 7.863 4.731 6.632 2.154 13.937 2.154 20.567 0 2.993-1.050 5.68-2.666 7.864-4.731 2.231-2.202 3.925-4.774 4.978-7.561 1.249-3.258 1.847-6.676 1.768-10.109z",
          "M802.156 830.715l0.978 2.265c0.372-0.809 0.698-1.538 1.070-2.265 0.355-0.759 0.758-1.502 1.21-2.224l23.777-37.557c0.466-0.647 0.884-1.050 1.35-1.172 0.631-0.167 1.294-0.236 1.954-0.201h7.026v61.085h-8.33v-44.914c0-0.567 0-1.213 0-1.9-0.044-0.7-0.044-1.403 0-2.103l-23.917 38.083c-0.304 0.57-0.788 1.053-1.399 1.389-0.611 0.338-1.321 0.514-2.043 0.51h-1.35c-0.725 0.009-1.437-0.166-2.048-0.503s-1.096-0.823-1.396-1.396l-24.615-38.325c0 0.727 0 1.456 0 2.183s0 1.374 0 1.94v44.914h-8.049v-60.964h7.026c0.659-0.034 1.321 0.034 1.954 0.201 0.577 0.249 1.036 0.664 1.302 1.172l24.289 37.598c0.478 0.695 0.882 1.425 1.21 2.183z",
          "M891.636 827.68v22.881h-9.306v-61.003h20.753c3.919-0.065 7.825 0.384 11.587 1.333 3.012 0.742 5.806 2.038 8.19 3.801 2.067 1.652 3.661 3.7 4.652 5.984 1.099 2.488 1.637 5.137 1.582 7.801 0.041 2.676-0.544 5.33-1.72 7.803-1.12 2.34-2.838 4.429-5.026 6.105-2.388 1.835-5.193 3.214-8.236 4.041-3.623 1.007-7.412 1.485-11.215 1.415l-11.261-0.16zM891.636 821.13h11.261c2.447 0.029 4.881-0.285 7.212-0.928 1.923-0.563 3.697-1.457 5.212-2.628 1.398-1.12 2.481-2.502 3.164-4.043 0.761-1.63 1.142-3.374 1.116-5.134 0.109-1.696-0.21-3.391-0.934-4.97-0.722-1.577-1.833-3-3.253-4.166-3.555-2.412-8.021-3.581-12.518-3.275h-11.261v25.144z",
          "M1016.714 850.644h-7.352c-0.737 0.024-1.463-0.176-2.048-0.567-0.527-0.381-0.942-0.865-1.21-1.415l-6.328-14.758h-31.78l-6.562 14.758c-0.241 0.539-0.642 1.014-1.162 1.376-0.592 0.413-1.335 0.628-2.094 0.606h-7.352l27.919-61.092h9.679l28.291 61.092zM970.648 827.962h26.243l-11.075-24.866c-0.847-1.871-1.546-3.789-2.094-5.741l-1.070 3.195c-0.326 0.969-0.698 1.86-1.024 2.587l-10.981 24.825z",
          "M1056.918 789.837c0.556 0.265 1.034 0.638 1.396 1.091l40.714 46.051c0-0.727 0-1.456 0-2.144 0-0.686 0-1.374 0-2.021v-43.261h8.33v61.090h-4.654c-0.66 0.017-1.316-0.108-1.908-0.364-0.573-0.292-1.080-0.676-1.488-1.132l-40.668-46.010c0.044 0.7 0.044 1.401 0 2.103 0 0.686 0 1.294 0 1.859v43.544h-8.33v-61.090h4.932c0.577-0.014 1.149 0.082 1.676 0.283z",
          "M1175.946 826.348v24.259h-9.306v-24.259l-25.733-36.791h8.33c0.717-0.038 1.427 0.148 2 0.524 0.507 0.393 0.932 0.858 1.256 1.376l16.101 23.733c0.652 1.010 1.21 1.94 1.676 2.83 0.464 0.889 0.836 1.739 1.162 2.587l1.21-2.628c0.452-0.961 0.98-1.893 1.582-2.789l15.867-23.895c0.335-0.476 0.741-0.911 1.21-1.294 0.553-0.418 1.27-0.637 2.002-0.606h8.422l-25.779 36.953z",
          "M797.549 687.037c4.048 0.445 8.143 0.809 12.285 1.133 62.785-24.404 115.9-64.345 152.702-114.83 36.804-50.487 55.665-109.278 54.224-169.025l-69.192-60.119c14.068 63.613 7.487 129.372-19.007 189.92-26.494 60.549-71.857 113.497-131.012 152.921z",
          "M772.842 684.242l1.862 0.323c63.212-39.284 111.406-94.141 138.351-157.479 26.943-63.338 31.396-132.243 12.783-197.803l-98.553-85.627c39.863 70.385 55.907 149.154 46.269 227.149s-44.563 152.009-100.712 213.437z",
          "M1107.079 474.906c-16.744 65.649-57.409 124.856-115.958 168.83-17.099 12.913-35.543 24.417-55.093 34.364 47.676-12.175 91.496-33.7 128.082-62.915 36.588-29.216 64.963-65.341 82.941-105.591l-39.972-34.688z",
          "M1091.398 465.239l-56.909-49.446c-1.087 56.373-19.533 111.464-53.419 159.548-33.886 48.082-81.975 87.404-139.269 113.874h0.278c12.769-0.003 25.525-0.666 38.204-1.981 53.545-18.988 100.845-49.198 137.684-87.934 36.837-38.736 62.065-84.792 73.431-134.060z",
          "M781.078 207.546l-67.891-59.067c-60.691 20.377-112.887 56.198-149.758 102.776-36.873 46.578-56.699 101.743-56.888 158.275v0c0.227 62.466 24.426 123.081 68.765 172.252s106.288 84.091 176.039 99.229c62.266-65.911 98.722-147.359 104.069-232.503 5.347-85.146-20.693-169.556-74.336-240.963z",
          "M1248.256 456.146c-0.244-74.112-34.239-145.126-94.554-197.531-60.317-52.405-142.053-81.94-227.352-82.154-39.415-0.036-78.496 6.284-115.26 18.637l415.669 361.149c14.234-31.923 21.523-65.865 21.497-100.101z"
        ],
        "attrs": [
          {
            "fill": "rgb(175, 177, 184)"
          },
          {
            "fill": "rgb(175, 177, 184)"
          },
          {
            "fill": "rgb(175, 177, 184)"
          },
          {
            "fill": "rgb(175, 177, 184)"
          },
          {
            "fill": "rgb(175, 177, 184)"
          },
          {
            "fill": "rgb(175, 177, 184)"
          },
          {
            "fill": "rgb(175, 177, 184)"
          },
          {
            "fill": "rgb(175, 177, 184)"
          },
          {
            "fill": "rgb(175, 177, 184)"
          },
          {
            "fill": "rgb(175, 177, 184)"
          },
          {
            "fill": "rgb(175, 177, 184)"
          },
          {
            "fill": "rgb(175, 177, 184)"
          },
          {
            "fill": "rgb(175, 177, 184)"
          }
        ],
        "width": 1809,
        "isMulticolor": false,
        "isMulticolor2": false,
        "grid": 0,
        "tags": [
          "logo_3"
        ],
        "colorPermutations": {}
      },
      "attrs": [
        {
          "fill": "rgb(175, 177, 184)"
        },
        {
          "fill": "rgb(175, 177, 184)"
        },
        {
          "fill": "rgb(175, 177, 184)"
        },
        {
          "fill": "rgb(175, 177, 184)"
        },
        {
          "fill": "rgb(175, 177, 184)"
        },
        {
          "fill": "rgb(175, 177, 184)"
        },
        {
          "fill": "rgb(175, 177, 184)"
        },
        {
          "fill": "rgb(175, 177, 184)"
        },
        {
          "fill": "rgb(175, 177, 184)"
        },
        {
          "fill": "rgb(175, 177, 184)"
        },
        {
          "fill": "rgb(175, 177, 184)"
        },
        {
          "fill": "rgb(175, 177, 184)"
        },
        {
          "fill": "rgb(175, 177, 184)"
        }
      ],
      "properties": {
        "order": 63,
        "id": 8,
        "name": "logo_3",
        "prevSize": 32
      },
      "setIdx": 0,
      "setId": 3,
      "iconIdx": 16
    },
    {
      "icon": {
        "paths": [
          "M412.095 360.154h-0.049c-40.926 0-74.103 29.484-74.103 65.855v0.043c0 36.371 33.178 65.855 74.103 65.855h0.049c40.926 0 74.103-29.484 74.103-65.855v-0.043c0-36.371-33.178-65.855-74.103-65.855z",
          "M959.061 339.103c-0.116-50.517-22.745-98.937-62.935-134.661-40.19-35.726-94.669-55.848-151.513-55.962v0c-56.861 0.092-111.363 20.203-151.574 55.932-40.212 35.727-62.855 84.159-62.971 134.692v278.576c0 0 428.945-42.457 428.993-278.533v-0.043z",
          "M187.733 709.111c0.102 35.151 15.857 68.835 43.82 93.694s65.862 38.871 105.414 38.975c39.543-0.104 77.435-14.111 105.395-38.96 27.962-24.849 43.723-58.523 43.839-93.667v-193.838c0 0-298.469 29.565-298.469 193.795zM336.968 743.84c-7.729 0-15.285-2.036-21.712-5.852-6.426-3.816-11.435-9.24-14.392-15.587-2.958-6.345-3.732-13.329-2.224-20.065 1.507-6.738 5.229-12.926 10.694-17.783 5.466-4.857 12.43-8.165 20.011-9.504 7.579-1.34 15.437-0.652 22.579 1.976 7.141 2.628 13.244 7.081 17.538 12.791s6.586 12.426 6.586 19.296c0.019 4.57-0.978 9.102-2.932 13.331-1.956 4.227-4.832 8.073-8.462 11.31-3.632 3.239-7.946 5.809-12.698 7.562-4.75 1.754-9.844 2.657-14.988 2.657v-0.131z",
          "M638.595 724.714h-28.8v29.751h-15v-72.8h47.399v12.15h-32.399v18.801h28.8v12.099zM710.695 719.715c0 7.166-1.266 13.45-3.801 18.85-2.533 5.4-6.166 9.566-10.9 12.5-4.698 2.934-10.1 4.4-16.2 4.4-6.033 0-11.416-1.451-16.15-4.35-4.733-2.9-8.4-7.033-10.999-12.399-2.599-5.4-3.917-11.6-3.949-18.601v-3.599c0-7.166 1.283-13.467 3.849-18.9 2.601-5.468 6.252-9.651 10.95-12.551 4.734-2.934 10.134-4.4 16.201-4.4 6.065 0 11.45 1.466 16.15 4.4 4.733 2.9 8.383 7.083 10.95 12.551 2.599 5.432 3.9 11.716 3.9 18.848v3.251zM695.494 716.414c0-7.632-1.365-13.433-4.099-17.399-2.732-3.966-6.634-5.949-11.699-5.949-5.035 0-8.917 1.966-11.651 5.9-2.732 3.9-4.116 9.632-4.149 17.2v3.55c0 7.433 1.367 13.199 4.099 17.299 2.734 4.101 6.666 6.151 11.8 6.151 5.033 0 8.9-1.966 11.6-5.9 2.7-3.966 4.067-9.733 4.099-17.3v-3.55zM759.345 735.365c0-2.833-1-5.001-3-6.501-2-1.533-5.6-3.133-10.8-4.799-5.2-1.702-9.317-3.367-12.351-5.001-8.265-4.466-12.399-10.484-12.399-18.050 0-3.934 1.099-7.434 3.299-10.501 2.234-3.099 5.417-5.516 9.551-7.25 4.166-1.732 8.834-2.599 14-2.599 5.2 0 9.834 0.951 13.901 2.85 4.065 1.867 7.216 4.516 9.45 7.95 2.266 3.434 3.4 7.334 3.4 11.699h-15c0-3.333-1.050-5.915-3.151-7.75-2.099-1.865-5.050-2.799-8.849-2.799-3.668 0-6.518 0.783-8.55 2.35-2.034 1.533-3.050 3.567-3.050 6.1 0 2.367 1.183 4.35 3.55 5.949 2.4 1.601 5.917 3.101 10.549 4.5 8.533 2.567 14.751 5.75 18.65 9.551 3.9 3.799 5.85 8.533 5.85 14.199 0 6.299-2.384 11.25-7.151 14.85-4.765 3.567-11.182 5.35-19.249 5.35-5.6 0-10.699-1.017-15.3-3.050-4.599-2.067-8.117-4.883-10.549-8.45-2.401-3.567-3.601-7.7-3.601-12.401h15.051c0 8.033 4.799 12.051 14.399 12.051 3.567 0 6.351-0.717 8.351-2.15 2-1.466 3-3.5 3-6.1zM839.395 693.815h-22.301v60.65h-15v-60.65h-21.999v-12.15h59.3v12.15zM891.795 722.915h-28.8v19.5h33.801v12.049h-48.8v-72.8h48.7v12.15h-33.7v17.35h28.8v11.75zM932.545 727.815h-11.95v26.65h-15v-72.8h27.051c8.6 0 15.232 1.917 19.9 5.75 4.666 3.833 6.999 9.25 6.999 16.249 0 4.968-1.082 9.117-3.249 12.45-2.133 3.301-5.383 5.934-9.75 7.9l15.751 29.751v0.7h-16.101l-13.65-26.65zM920.595 715.665h12.1c3.767 0 6.683-0.951 8.75-2.85 2.067-1.934 3.099-4.584 3.099-7.95 0-3.434-0.983-6.134-2.949-8.102-1.934-1.966-4.917-2.949-8.95-2.949h-12.051v21.85zM1011.495 728.815v25.649h-15v-72.8h28.399c5.466 0 10.267 1 14.401 3 4.166 2 7.366 4.849 9.6 8.549 2.232 3.668 3.35 7.851 3.35 12.551 0 7.134-2.451 12.766-7.351 16.899-4.867 4.101-11.617 6.151-20.25 6.151h-13.15zM1011.495 716.665h13.399c3.968 0 6.984-0.934 9.050-2.801 2.099-1.867 3.151-4.533 3.151-7.999 0-3.567-1.051-6.451-3.151-8.651s-5.001-3.333-8.701-3.4h-13.749v22.851zM1106.394 722.915h-28.8v19.5h33.801v12.049h-48.8v-72.8h48.7v12.15h-33.7v17.35h28.8v11.75zM1175.994 693.815h-22.299v60.65h-15v-60.65h-22.001v-12.15h59.3v12.15zM1228.396 722.915h-28.8v19.5h33.799v12.049h-48.799v-72.8h48.7v12.15h-33.7v17.35h28.8v11.75zM1269.146 727.815h-11.95v26.65h-15v-72.8h27.049c8.6 0 15.234 1.917 19.9 5.75 4.668 3.833 7.001 9.25 7.001 16.249 0 4.968-1.084 9.117-3.249 12.45-2.133 3.301-5.385 5.934-9.75 7.9l15.749 29.751v0.7h-16.099l-13.65-26.65zM1257.196 715.665h12.099c3.767 0 6.683-0.951 8.75-2.85 2.067-1.934 3.101-4.584 3.101-7.95 0-3.434-0.983-6.134-2.951-8.102-1.934-1.966-4.917-2.949-8.95-2.949h-12.049v21.85zM1345.345 735.365c0-2.833-1-5.001-3-6.501-2-1.533-5.6-3.133-10.8-4.799-5.2-1.702-9.317-3.367-12.349-5.001-8.267-4.466-12.401-10.484-12.401-18.050 0-3.934 1.101-7.434 3.301-10.501 2.232-3.099 5.415-5.516 9.549-7.25 4.168-1.732 8.834-2.599 14-2.599 5.2 0 9.834 0.951 13.901 2.85 4.067 1.867 7.217 4.516 9.45 7.95 2.266 3.434 3.4 7.334 3.4 11.699h-15c0-3.333-1.050-5.915-3.149-7.75-2.101-1.865-5.050-2.799-8.851-2.799-3.666 0-6.516 0.783-8.55 2.35-2.033 1.533-3.050 3.567-3.050 6.1 0 2.367 1.183 4.35 3.55 5.949 2.4 1.601 5.917 3.101 10.551 4.5 8.533 2.567 14.749 5.75 18.65 9.551 3.9 3.799 5.849 8.533 5.849 14.199 0 6.299-2.383 11.25-7.149 14.85-4.767 3.567-11.184 5.35-19.249 5.35-5.601 0-10.701-1.017-15.3-3.050-4.601-2.067-8.117-4.883-10.551-8.45-2.4-3.567-3.599-7.7-3.599-12.401h15.049c0 8.033 4.801 12.051 14.401 12.051 3.565 0 6.349-0.717 8.349-2.15 2-1.466 3-3.5 3-6.1z"
        ],
        "attrs": [
          {
            "fill": "rgb(175, 177, 184)"
          },
          {
            "fill": "rgb(175, 177, 184)"
          },
          {
            "fill": "rgb(175, 177, 184)"
          },
          {
            "fill": "rgb(175, 177, 184)"
          }
        ],
        "width": 1809,
        "isMulticolor": false,
        "isMulticolor2": false,
        "grid": 0,
        "tags": [
          "logo_4"
        ],
        "colorPermutations": {}
      },
      "attrs": [
        {
          "fill": "rgb(175, 177, 184)"
        },
        {
          "fill": "rgb(175, 177, 184)"
        },
        {
          "fill": "rgb(175, 177, 184)"
        },
        {
          "fill": "rgb(175, 177, 184)"
        }
      ],
      "properties": {
        "order": 71,
        "id": 7,
        "name": "logo_4",
        "prevSize": 32
      },
      "setIdx": 0,
      "setId": 3,
      "iconIdx": 17
    },
    {
      "icon": {
        "paths": [
          "M456.651 763.481c4.159 4.714 6.374 10.615 6.258 16.674 0.212 3.951-0.55 7.897-2.229 11.542-1.678 3.645-4.231 6.898-7.468 9.52-8.079 5.586-18.087 8.317-28.189 7.69h-49.556v-105.667h48.541c9.583-0.584 19.087 1.898 26.894 7.020 3.133 2.403 5.617 5.439 7.25 8.87 1.635 3.432 2.376 7.163 2.164 10.902 0.285 5.828-1.713 11.559-5.637 16.157-3.767 4.198-8.972 7.108-14.771 8.259 6.574 1.099 12.508 4.301 16.744 9.033zM398.525 747.53h20.746c4.716 0.319 9.399-0.927 13.193-3.511 1.558-1.292 2.77-2.896 3.543-4.687 0.771-1.79 1.084-3.719 0.911-5.637 0.147-1.911-0.172-3.828-0.932-5.615-0.761-1.785-1.944-3.393-3.466-4.709-3.907-2.657-8.735-3.922-13.587-3.562h-20.408v27.72zM434.495 788.053c1.664-1.324 2.973-2.982 3.825-4.844 0.85-1.862 1.22-3.879 1.080-5.895 0.126-2.038-0.259-4.076-1.13-5.955s-2.2-3.552-3.888-4.884c-4.060-2.756-9.052-4.11-14.095-3.821h-21.762v29.063h22.043c4.961 0.263 9.873-1.031 13.926-3.664z",
          "M555.877 808.907l-27.005-41.296h-10.148v41.296h-23.228v-105.667h43.974c11.085-0.708 22.043 2.507 30.614 8.982 6.146 5.734 9.854 13.292 10.453 21.308s-1.947 15.966-7.183 22.415c-5.425 5.69-12.838 9.484-20.973 10.737l28.752 42.225h-25.257zM518.724 753.208h18.999c13.193 0 19.789-5.333 19.789-16.002 0.135-2.178-0.227-4.359-1.062-6.403-0.835-2.043-2.125-3.907-3.787-5.47-4.169-3.174-9.539-4.714-14.94-4.284h-19.226l0.227 32.159z",
          "M682.841 787.637h-46.287l-8.175 21.268h-24.356l42.51-104.48h26.329l42.339 104.48h-24.354l-8.006-21.268zM676.639 771.635l-16.913-44.6-16.913 44.6h33.826z",
          "M841.769 808.907h-23.059l-51.698-71.856v71.856h-23.002v-105.668h23.002l51.698 72.271v-72.271h23.059v105.668z",
          "M973.356 783.614c-4.768 7.977-12.032 14.467-20.861 18.635-10.037 4.642-21.176 6.929-32.416 6.659h-41.044v-105.668h41.044c11.221-0.268 22.345 1.964 32.416 6.504 8.827 4.074 16.099 10.498 20.861 18.429 4.746 8.595 7.219 18.089 7.219 27.72s-2.473 19.127-7.219 27.721zM946.971 781.085c6.581-7.020 10.199-15.966 10.199-25.218 0-9.25-3.618-18.196-10.199-25.216-7.955-6.359-18.328-9.586-28.867-8.982h-16.010v68.398h16.010c10.539 0.602 20.912-2.625 28.867-8.982z",
          "M697.272 115.485c0 0 297.62 102.881 291.306 251.755v251.805c0 0-297.393-102.931-291.193-251.805l-0.113-251.755z",
          "M1253.722 560.096c56.209-35.418 121.225-57.356 189.092-63.804v-78.826c-78.199 27.597-144.538 77.635-189.092 142.63z",
          "M1219.953 583.842c46.007-84.82 125.763-150.27 222.863-182.892v-227.132c0 0-423.851 146.551-414.886 358.557v358.506c0 0 18.886-6.555 48.597-18.842 0-11.459 0-23.021 1.353-34.637 8.772-98.423 59.875-189.628 142.071-253.561z",
          "M1179.643 717.024c2.227-24.863 7.195-49.457 14.828-73.405-51.181 55.212-82.178 123.723-88.625 195.901-0.621 6.815-0.959 13.628-1.128 20.649 24.073-10.583 52.093-23.798 81.522-39.335-7.509-34.149-9.731-69.094-6.596-103.81z",
          "M1196.501 718.314c-2.823 31.408-1.060 63.020 5.243 94.001 115.801-63.442 245.92-161.469 240.903-279.939v-10.324c-82.734 8.475-160.142 41.591-220.326 94.259-14.090 32.638-22.793 67.016-25.82 102.002z"
        ],
        "attrs": [
          {
            "fill": "rgb(175, 177, 184)"
          },
          {
            "fill": "rgb(175, 177, 184)"
          },
          {
            "fill": "rgb(175, 177, 184)"
          },
          {
            "fill": "rgb(175, 177, 184)"
          },
          {
            "fill": "rgb(175, 177, 184)"
          },
          {
            "fill": "rgb(175, 177, 184)"
          },
          {
            "fill": "rgb(175, 177, 184)"
          },
          {
            "fill": "rgb(175, 177, 184)"
          },
          {
            "fill": "rgb(175, 177, 184)"
          },
          {
            "fill": "rgb(175, 177, 184)"
          }
        ],
        "width": 1809,
        "isMulticolor": false,
        "isMulticolor2": false,
        "grid": 0,
        "tags": [
          "logo_5"
        ],
        "colorPermutations": {}
      },
      "attrs": [
        {
          "fill": "rgb(175, 177, 184)"
        },
        {
          "fill": "rgb(175, 177, 184)"
        },
        {
          "fill": "rgb(175, 177, 184)"
        },
        {
          "fill": "rgb(175, 177, 184)"
        },
        {
          "fill": "rgb(175, 177, 184)"
        },
        {
          "fill": "rgb(175, 177, 184)"
        },
        {
          "fill": "rgb(175, 177, 184)"
        },
        {
          "fill": "rgb(175, 177, 184)"
        },
        {
          "fill": "rgb(175, 177, 184)"
        },
        {
          "fill": "rgb(175, 177, 184)"
        }
      ],
      "properties": {
        "order": 79,
        "id": 6,
        "name": "logo_5",
        "prevSize": 32
      },
      "setIdx": 0,
      "setId": 3,
      "iconIdx": 18
    },
    {
      "icon": {
        "paths": [
          "M911.787 467.767c-7.562-10.066-11.18-21.963-10.32-33.939v-49.207c0-15.084 3.42-26.547 10.262-34.389 6.84-7.842 18.592-11.747 35.251-11.713 15.655 0 26.767 3.337 33.338 10.011 7.168 8.516 10.655 18.93 9.856 29.433v11.564h-28.003v-11.715c0.099-3.833-0.172-7.668-0.812-11.462-0.403-2.596-1.812-4.995-4-6.808-2.876-1.954-6.497-2.901-10.146-2.654-3.837-0.247-7.642 0.753-10.668 2.804-2.439 2.009-4.065 4.64-4.639 7.508-0.804 4.017-1.172 8.090-1.101 12.165v59.718c-0.442 5.762 0.794 11.527 3.594 16.77 1.393 1.773 3.326 3.18 5.589 4.064 2.261 0.884 4.762 1.21 7.224 0.942 3.587 0.254 7.148-0.717 9.914-2.703 2.282-1.956 3.75-4.507 4.175-7.258 0.654-3.961 0.945-7.962 0.87-11.964v-12.114h28.003v11.063c0.787 10.95-2.615 21.818-9.682 30.935-6.436 7.31-17.394 10.964-33.512 10.964s-28.295-3.905-35.193-12.015z",
          "M1028.384 468.268c-7.074-7.66-10.61-18.823-10.61-33.589v-51.76c0-14.616 3.536-25.679 10.61-33.188 7.072-7.509 18.901-11.247 35.482-11.213 16.466 0 28.237 3.738 35.309 11.213 7.074 7.509 10.668 18.572 10.668 33.188v51.76c0 14.616-3.594 25.829-10.784 33.538-7.188 7.709-18.9 11.564-35.193 11.564-16.292 0-28.351-3.905-35.482-11.513zM1076.912 455.854c2.533-4.797 3.686-10.052 3.364-15.317v-63.374c0.324-5.163-0.811-10.317-3.306-15.017-1.42-1.811-3.403-3.241-5.719-4.127-2.318-0.884-4.876-1.19-7.385-0.879-2.516-0.302-5.079 0.005-7.404 0.889s-4.318 2.309-5.757 4.116c-2.55 4.687-3.705 9.847-3.362 15.017v63.674c-0.353 5.267 0.802 10.527 3.362 15.317 1.632 1.615 3.647 2.908 5.907 3.796 2.26 0.886 4.714 1.345 7.197 1.345 2.481 0 4.936-0.459 7.195-1.345 2.26-0.887 4.275-2.181 5.907-3.796v-0.3z",
          "M1143.526 340.029h30.15l22.67 95.498 23.192-95.498h29.338l2.958 137.842h-21.685l-2.319-95.799-22.38 95.799h-17.394l-23.192-96.15-2.145 96.15h-21.915l2.724-137.842z",
          "M1285.635 340.029h46.962c27.057 0 40.585 13.046 40.585 39.141 0 24.992-14.242 37.472-42.73 37.437h-16.002v61.264h-28.989l0.174-137.842zM1325.757 398.94c2.864 0.314 5.772 0.087 8.525-0.666 2.753-0.751 5.284-2.010 7.419-3.688 3.325-4.656 4.791-10.124 4.175-15.567 0.152-4.205-0.316-8.41-1.393-12.513-0.413-1.37-1.138-2.656-2.133-3.782-0.997-1.126-2.241-2.068-3.664-2.775-4.024-1.666-8.472-2.423-12.928-2.202h-11.249v41.192h11.249z",
          "M1414.987 340.029h31.135l31.945 137.842h-27.017l-6.32-31.783h-27.773l-6.494 31.783h-27.423l31.945-137.842zM1441.599 430.123l-10.842-57.859-10.841 57.859h21.683z",
          "M1503.869 340.029h20.292l38.847 78.631v-78.631h24.061v137.842h-19.308l-39.078-82.086v82.086h-24.873l0.058-137.842z",
          "M1643.426 425.315l-32.295-85.093h27.192l19.714 54.659 18.495-54.659h26.612l-31.889 85.093v52.557h-27.829v-52.557z",
          "M956.547 538.139v7.209h-23.654v56.011h-9.916v-56.011h-23.77v-7.209h57.341z",
          "M1030.702 601.364h-7.654c-0.777 0.041-1.543-0.172-2.145-0.601-0.579-0.367-1.021-0.87-1.275-1.451l-6.842-15.017h-32.816l-6.842 15.017c-0.195 0.628-0.551 1.208-1.044 1.702-0.606 0.418-1.369 0.631-2.144 0.601h-7.654l28.989-63.217h10.090l29.338 62.966zM982.694 577.889h27.368l-11.597-25.726c-0.855-1.946-1.572-3.936-2.145-5.956-0.406 1.201-0.754 2.352-1.101 3.354l-1.044 2.652-11.481 25.677z",
          "M1080.68 595.156c1.816 0.082 3.635 0.082 5.449 0 1.568-0.14 3.12-0.391 4.639-0.751 1.42-0.302 2.816-0.686 4.175-1.152 1.277-0.451 2.551-1.002 3.884-1.551v-14.218h-11.595c-0.287 0.015-0.573-0.022-0.843-0.109-0.27-0.085-0.515-0.218-0.722-0.391-0.191-0.142-0.341-0.319-0.442-0.519s-0.148-0.415-0.138-0.633v-4.855h22.496v24.23c-1.836 1.133-3.775 2.138-5.798 3.004-2.067 0.881-4.221 1.601-6.436 2.152-2.371 0.602-4.796 1.038-7.248 1.302-2.811 0.27-5.635 0.403-8.463 0.399-5.001 0.038-9.962-0.761-14.612-2.352-4.34-1.507-8.284-3.755-11.595-6.608-3.227-2.883-5.769-6.284-7.479-10.011-1.828-4.192-2.732-8.639-2.668-13.116-0.061-4.506 0.823-8.984 2.609-13.216 1.667-3.746 4.214-7.156 7.479-10.011 3.309-2.845 7.255-5.076 11.597-6.559 4.965-1.613 10.233-2.41 15.537-2.353 2.7-0.002 5.395 0.183 8.059 0.551 2.357 0.331 4.669 0.869 6.9 1.603 2.028 0.657 3.971 1.497 5.798 2.502 1.777 0.988 3.465 2.092 5.045 3.304l-2.784 3.905c-0.218 0.357-0.543 0.657-0.94 0.867-0.398 0.212-0.853 0.328-1.321 0.335-0.642-0.017-1.265-0.191-1.797-0.5-0.87-0.401-1.797-0.901-2.842-1.502-1.232-0.667-2.533-1.237-3.884-1.702-1.727-0.599-3.512-1.068-5.333-1.403-2.429-0.386-4.895-0.57-7.364-0.55-3.825-0.038-7.622 0.558-11.189 1.751-3.227 1.118-6.135 2.826-8.523 5.006-2.403 2.273-4.239 4.949-5.393 7.861-2.589 6.845-2.589 14.227 0 21.074 1.27 2.973 3.244 5.685 5.799 7.96 2.377 2.169 5.263 3.876 8.465 5.006 3.686 1.094 7.593 1.519 11.479 1.253z",
          "M1173.098 594.152h31.657v7.207h-41.339v-63.22h9.914l-0.232 56.013z",
          "M1237.688 601.359h-9.916v-63.22h9.916v63.22z",
          "M1274.563 538.44c0.589 0.29 1.103 0.683 1.507 1.152l42.382 47.655c-0.056-0.749-0.056-1.502 0-2.253 0-0.7 0-1.401 0-2.051v-45.053h8.639v63.474h-4.985c-0.739 0.051-1.48-0.070-2.145-0.352-0.602-0.314-1.133-0.722-1.567-1.201l-42.324-47.606c0 0.751 0 1.452 0 2.154 0 0.7 0 1.352 0 1.952v45.053h-8.291v-63.225h5.161c0.56 0.002 1.113 0.104 1.623 0.3z",
          "M1400.088 538.139v6.958h-35.135v20.874h28.467v6.707h-28.467v21.574h35.135v6.958h-45.339v-63.072h45.339z",
          "M361.16 147.721l440.236 107.917v378.163l-440.236-107.868v-378.213zM332.925 115.485v428.818l496.65 121.783v-428.768l-496.65-121.833z",
          "M599.107 865.147l-496.707-121.885v-428.773l496.707 121.836v428.822z",
          "M341.158 142.865l434.495 106.564-184.779 159.572-434.553-106.615 184.837-159.521zM332.925 115.485l-230.525 199.014 496.707 121.83 230.467-199.013-496.649-121.832z",
          "M627.053 841.025l202.52-174.887-202.52-49.702v224.589z"
        ],
        "attrs": [
          {
            "fill": "rgb(175, 177, 184)"
          },
          {
            "fill": "rgb(175, 177, 184)"
          },
          {
            "fill": "rgb(175, 177, 184)"
          },
          {
            "fill": "rgb(175, 177, 184)"
          },
          {
            "fill": "rgb(175, 177, 184)"
          },
          {
            "fill": "rgb(175, 177, 184)"
          },
          {
            "fill": "rgb(175, 177, 184)"
          },
          {
            "fill": "rgb(175, 177, 184)"
          },
          {
            "fill": "rgb(175, 177, 184)"
          },
          {
            "fill": "rgb(175, 177, 184)"
          },
          {
            "fill": "rgb(175, 177, 184)"
          },
          {
            "fill": "rgb(175, 177, 184)"
          },
          {
            "fill": "rgb(175, 177, 184)"
          },
          {
            "fill": "rgb(175, 177, 184)"
          },
          {
            "fill": "rgb(175, 177, 184)"
          },
          {
            "fill": "rgb(175, 177, 184)"
          },
          {
            "fill": "rgb(175, 177, 184)"
          },
          {
            "fill": "rgb(175, 177, 184)"
          }
        ],
        "width": 1809,
        "isMulticolor": false,
        "isMulticolor2": false,
        "grid": 0,
        "tags": [
          "logo_6"
        ],
        "colorPermutations": {}
      },
      "attrs": [
        {
          "fill": "rgb(175, 177, 184)"
        },
        {
          "fill": "rgb(175, 177, 184)"
        },
        {
          "fill": "rgb(175, 177, 184)"
        },
        {
          "fill": "rgb(175, 177, 184)"
        },
        {
          "fill": "rgb(175, 177, 184)"
        },
        {
          "fill": "rgb(175, 177, 184)"
        },
        {
          "fill": "rgb(175, 177, 184)"
        },
        {
          "fill": "rgb(175, 177, 184)"
        },
        {
          "fill": "rgb(175, 177, 184)"
        },
        {
          "fill": "rgb(175, 177, 184)"
        },
        {
          "fill": "rgb(175, 177, 184)"
        },
        {
          "fill": "rgb(175, 177, 184)"
        },
        {
          "fill": "rgb(175, 177, 184)"
        },
        {
          "fill": "rgb(175, 177, 184)"
        },
        {
          "fill": "rgb(175, 177, 184)"
        },
        {
          "fill": "rgb(175, 177, 184)"
        },
        {
          "fill": "rgb(175, 177, 184)"
        },
        {
          "fill": "rgb(175, 177, 184)"
        }
      ],
      "properties": {
        "order": 80,
        "id": 5,
        "name": "logo_6",
        "prevSize": 32
      },
      "setIdx": 0,
      "setId": 3,
      "iconIdx": 19
    },
    {
      "icon": {
        "paths": [
          "M1024 194.496c-38.083 16.704-78.659 27.776-120.96 33.152 43.52-25.984 76.739-66.816 92.355-116.032-40.576 24.192-85.381 41.28-133.125 50.816-38.528-41.024-93.44-66.432-153.344-66.432-116.224 0-209.789 94.336-209.789 209.984 0 16.64 1.408 32.64 4.864 47.872-174.528-8.512-328.96-92.16-432.704-219.584-18.112 31.424-28.736 67.392-28.736 106.112 0 72.704 37.44 137.152 93.248 174.464-33.728-0.64-66.816-10.432-94.848-25.856 0 0.64 0 1.472 0 2.304 0 102.016 72.768 186.752 168.192 206.269-17.088 4.675-35.712 6.912-55.040 6.912-13.44 0-27.008-0.768-39.744-3.584 27.2 83.139 104.384 144.256 196.16 146.243-71.424 55.869-162.112 89.533-260.288 89.533-17.216 0-33.728-0.768-50.24-2.877 92.992 59.965 203.2 94.208 322.048 94.208 386.304 0 597.504-320 597.504-597.376 0-9.28-0.323-18.24-0.768-27.136 41.661-29.568 76.672-66.496 105.216-108.992z"
        ],
        "attrs": [
          {
            "fill": "rgb(175, 177, 184)"
          }
        ],
        "isMulticolor": false,
        "isMulticolor2": false,
        "grid": 0,
        "tags": [
          "twitter"
        ],
        "colorPermutations": {}
      },
      "attrs": [
        {
          "fill": "rgb(175, 177, 184)"
        }
      ],
      "properties": {
        "order": 81,
        "id": 0,
        "name": "twitter",
        "prevSize": 32
      },
      "setIdx": 0,
      "setId": 3,
      "iconIdx": 20
    }
  ],
  "height": 1024,
  "preferences": {
    "showGlyphs": true,
    "showQuickUse": true,
    "showQuickUse2": true,
    "showSVGs": true,
    "fontPref": {
      "prefix": "icon-",
      "metadata": {
        "fontFamily": "icomoon"
      },
      "metrics": {
        "emSize": 1024,
        "baseline": 6.25,
        "whitespace": 50
      },
      "embed": false
    },
    "imagePref": {
      "prefix": "icon-",
      "png": true,
      "useClassSelector": true,
      "color": 0,
      "bgColor": 16777215,
      "classSelector": ".icon",
      "name": "icomoon"
    },
    "historySize": 50,
    "showCodes": true,
    "gridSize": 16
  }
}